"BROKEN","EPIC","FAILED","FEATURE","PASSED","SKIPPED","STORY","UNKNOWN"
"0","Order Management","0","Order Repository","1","0","Multiple Reset","0"
"0","Order Management","1","Order Repository","0","0","Invalid Order Count","0"
"0","Order Management","0","Order Repository","1","0","Create Second Order","0"
"0","Order Management","1","Order Repository","0","0","Repository Count Validation","0"
"0","Order Management","1","Order Repository","0","0","Reset Validation","0"
"0","Order Management","0","Order Repository","1","0","Large Quantity Order","0"
"0","Order Management","0","Order Repository","1","0","Repository Reset","0"
"0","Order Management","0","Order Repository","1","0","Count Orders","0"
"0","Order Management","0","Order Repository","1","0","Create Order","0"
"0","Order Management","0","Order Repository","1","0","Single Quantity Order","0"
